id,studentid,jobid,action,content
1,1,1,BEGIN_CALIBRATION,TIMESTAMP=1449742720864	USER=1	JOBID=1	DOCID=0	ACTION=BEGIN_CALIBRATION	INFO:
2,1,1,END_CALIBRATION,TIMESTAMP=1449742723935	USER=1	JOBID=1	DOCID=0	ACTION=END_CALIBRATION	INFO:
3,1,1,BEGIN_CALIBRATION,TIMESTAMP=1449742726103	USER=1	JOBID=1	DOCID=9	ACTION=BEGIN_CALIBRATION	INFO:
4,1,1,END_CALIBRATION,TIMESTAMP=1449742727805	USER=1	JOBID=1	DOCID=9	ACTION=END_CALIBRATION	INFO:
5,1,1,BEGIN_READING,TIMESTAMP=1449742733205	USER=1	JOBID=1	ACTION=BEGIN_READING	INFO: CURRENT_DOC=1
6,1,1,END_READING,TIMESTAMP=1449742735552	USER=1	JOBID=1	ACTION=END_READING	INFO: CURRENT_DOC=1
7,1,1,RELEVANCE_ANNOTATION,TIMESTAMP=1449742739093	USER=1	JOBID=1	ACTION=RELEVANCE_ANNOTATION	INFO: CURRENT_DOC=1 REL=2
8,1,1,BEGIN_READING,TIMESTAMP=1449742739946	USER=1	JOBID=1	ACTION=BEGIN_READING	INFO: CURRENT_DOC=2
9,1,1,END_READING,TIMESTAMP=1449742742167	USER=1	JOBID=1	ACTION=END_READING	INFO: CURRENT_DOC=2
10,1,1,RELEVANCE_ANNOTATION,TIMESTAMP=1449742743809	USER=1	JOBID=1	ACTION=RELEVANCE_ANNOTATION	INFO: CURRENT_DOC=2 REL=2
11,1,1,BEGIN_READING,TIMESTAMP=1449742744804	USER=1	JOBID=1	ACTION=BEGIN_READING	INFO: CURRENT_DOC=3
12,1,1,BEGIN_READING,TIMESTAMP=1449742745490	USER=1	JOBID=1	ACTION=BEGIN_READING	INFO: CURRENT_DOC=4
13,1,1,TIME_ESTIMATION,TIMESTAMP=1449742758093	USER=1	JOBID=1	DOCID=0	ACTION=TIME_ESTIMATION	INFO:Segments=386_489_648_
14,2015012616,1,BEGIN_CALIBRATION,TIMESTAMP=1449743097407	USER=2015012616	JOBID=1	DOCID=0	ACTION=BEGIN_CALIBRATION	INFO:
15,2015012616,1,END_CALIBRATION,TIMESTAMP=1449743182190	USER=2015012616	JOBID=1	DOCID=0	ACTION=END_CALIBRATION	INFO:
16,2015012616,1,BEGIN_CALIBRATION,TIMESTAMP=1449743198990	USER=2015012616	JOBID=1	DOCID=9	ACTION=BEGIN_CALIBRATION	INFO:
17,2015012616,1,END_CALIBRATION,TIMESTAMP=1449743366412	USER=2015012616	JOBID=1	DOCID=9	ACTION=END_CALIBRATION	INFO:
18,2015012616,1,BEGIN_READING,TIMESTAMP=1449743392015	USER=2015012616	JOBID=1	ACTION=BEGIN_READING	INFO: CURRENT_DOC=1
19,2015012616,1,END_READING,TIMESTAMP=1449743567444	USER=2015012616	JOBID=1	ACTION=END_READING	INFO: CURRENT_DOC=1
20,2015012616,1,RELEVANCE_ANNOTATION,TIMESTAMP=1449743609771	USER=2015012616	JOBID=1	ACTION=RELEVANCE_ANNOTATION	INFO: CURRENT_DOC=1 REL=3
21,2015012616,1,BEGIN_READING,TIMESTAMP=1449743611515	USER=2015012616	JOBID=1	ACTION=BEGIN_READING	INFO: CURRENT_DOC=2
22,2015012616,1,END_READING,TIMESTAMP=1449743814761	USER=2015012616	JOBID=1	ACTION=END_READING	INFO: CURRENT_DOC=2
23,2015012616,1,RELEVANCE_ANNOTATION,TIMESTAMP=1449743826122	USER=2015012616	JOBID=1	ACTION=RELEVANCE_ANNOTATION	INFO: CURRENT_DOC=2 REL=3
24,2015012616,1,RELEVANCE_ANNOTATION,TIMESTAMP=1449743829865	USER=2015012616	JOBID=1	ACTION=RELEVANCE_ANNOTATION	INFO: CURRENT_DOC=2 REL=3
25,2015012616,1,BEGIN_READING,TIMESTAMP=1449743831418	USER=2015012616	JOBID=1	ACTION=BEGIN_READING	INFO: CURRENT_DOC=3
26,2015012616,1,END_READING,TIMESTAMP=1449743889625	USER=2015012616	JOBID=1	ACTION=END_READING	INFO: CURRENT_DOC=3
27,2015012616,1,RELEVANCE_ANNOTATION,TIMESTAMP=1449743891633	USER=2015012616	JOBID=1	ACTION=RELEVANCE_ANNOTATION	INFO: CURRENT_DOC=3 REL=0
28,2015012616,1,BEGIN_READING,TIMESTAMP=1449743892658	USER=2015012616	JOBID=1	ACTION=BEGIN_READING	INFO: CURRENT_DOC=4
29,2015012616,1,END_READING,TIMESTAMP=1449743944905	USER=2015012616	JOBID=1	ACTION=END_READING	INFO: CURRENT_DOC=4
30,2015012616,1,RELEVANCE_ANNOTATION,TIMESTAMP=1449743947410	USER=2015012616	JOBID=1	ACTION=RELEVANCE_ANNOTATION	INFO: CURRENT_DOC=4 REL=0
31,2015012616,1,TIME_ESTIMATION,TIMESTAMP=1449743983688	USER=2015012616	JOBID=1	DOCID=0	ACTION=TIME_ESTIMATION	INFO:Segments=458_775_870_
32,2015012616,1,RELATIVE_ESTIMATION,TIMESTAMP=1449744066208	USER=2015012616	JOBID=1	DOCID=0	ACTION=RELATIVE_ESTIMATION	INFO:Range=_16_19_7_9_2_3_2_2_30_33 Relative=100_79_23_24_
33,2015012616,2,BEGIN_READING,TIMESTAMP=1449744298370	USER=2015012616	JOBID=2	ACTION=BEGIN_READING	INFO: CURRENT_DOC=1
34,2015012616,2,END_READING,TIMESTAMP=1449744476869	USER=2015012616	JOBID=2	ACTION=END_READING	INFO: CURRENT_DOC=1
35,2015012616,2,RELEVANCE_ANNOTATION,TIMESTAMP=1449744480389	USER=2015012616	JOBID=2	ACTION=RELEVANCE_ANNOTATION	INFO: CURRENT_DOC=1 REL=3
36,2015012616,2,BEGIN_READING,TIMESTAMP=1449744481541	USER=2015012616	JOBID=2	ACTION=BEGIN_READING	INFO: CURRENT_DOC=2
37,2015012616,2,END_READING,TIMESTAMP=1449744527654	USER=2015012616	JOBID=2	ACTION=END_READING	INFO: CURRENT_DOC=2
38,2015012616,2,RELEVANCE_ANNOTATION,TIMESTAMP=1449744529957	USER=2015012616	JOBID=2	ACTION=RELEVANCE_ANNOTATION	INFO: CURRENT_DOC=2 REL=0
39,2015012616,2,BEGIN_READING,TIMESTAMP=1449744531790	USER=2015012616	JOBID=2	ACTION=BEGIN_READING	INFO: CURRENT_DOC=3
40,2015012616,2,END_READING,TIMESTAMP=1449744686907	USER=2015012616	JOBID=2	ACTION=END_READING	INFO: CURRENT_DOC=3
41,2015012616,2,RELEVANCE_ANNOTATION,TIMESTAMP=1449744689555	USER=2015012616	JOBID=2	ACTION=RELEVANCE_ANNOTATION	INFO: CURRENT_DOC=3 REL=3
42,2015012616,2,RELEVANCE_ANNOTATION,TIMESTAMP=1449744691979	USER=2015012616	JOBID=2	ACTION=RELEVANCE_ANNOTATION	INFO: CURRENT_DOC=3 REL=-1
43,2015012616,2,BEGIN_READING,TIMESTAMP=1449744692724	USER=2015012616	JOBID=2	ACTION=BEGIN_READING	INFO: CURRENT_DOC=4
44,2015012616,2,END_READING,TIMESTAMP=1449744744059	USER=2015012616	JOBID=2	ACTION=END_READING	INFO: CURRENT_DOC=4
45,2015012616,2,RELEVANCE_ANNOTATION,TIMESTAMP=1449744745938	USER=2015012616	JOBID=2	ACTION=RELEVANCE_ANNOTATION	INFO: CURRENT_DOC=4 REL=3
46,2015012616,2,TIME_ESTIMATION,TIMESTAMP=1449744777755	USER=2015012616	JOBID=2	DOCID=0	ACTION=TIME_ESTIMATION	INFO:Segments=546_647_877_
47,2015012616,2,RELATIVE_ESTIMATION,TIMESTAMP=1449744845651	USER=2015012616	JOBID=2	DOCID=0	ACTION=RELATIVE_ESTIMATION	INFO:Range=_13_16_1_3_4_7_3_6_25_28 Relative=100_20_46_36_
48,2015012616,2,OUTCOME,"TIMESTAMP=1449745058402	USER=2015012616	JOBID=2	DOCID=0	ACTION=OUTCOME	INFO:answer=In the article, exactly, I remembered that till 1827 the length of films could only be about 1 minute. The motion of the images is also a big step in the history of film. Moreover, how to make the sound and the view fixed together remained as a tough problem for many years, and smart film makers chose to have narrators telling the audience the main idea of the film while they watch it."
49,2015012616,3,BEGIN_READING,TIMESTAMP=1449745465634	USER=2015012616	JOBID=3	ACTION=BEGIN_READING	INFO: CURRENT_DOC=1
50,2015012616,3,END_READING,TIMESTAMP=1449745664077	USER=2015012616	JOBID=3	ACTION=END_READING	INFO: CURRENT_DOC=1
51,2015012616,3,BEGIN_READING,TIMESTAMP=1449745673381	USER=2015012616	JOBID=3	ACTION=BEGIN_READING	INFO: CURRENT_DOC=2
52,2015012616,3,END_READING,TIMESTAMP=1449745845171	USER=2015012616	JOBID=3	ACTION=END_READING	INFO: CURRENT_DOC=2
53,2015012616,3,RELEVANCE_ANNOTATION,TIMESTAMP=1449745850506	USER=2015012616	JOBID=3	ACTION=RELEVANCE_ANNOTATION	INFO: CURRENT_DOC=2 REL=0
54,2015012616,3,RELEVANCE_ANNOTATION,TIMESTAMP=1449745862739	USER=2015012616	JOBID=3	ACTION=RELEVANCE_ANNOTATION	INFO: CURRENT_DOC=2 REL=1
55,2015012616,3,BEGIN_READING,TIMESTAMP=1449745864283	USER=2015012616	JOBID=3	ACTION=BEGIN_READING	INFO: CURRENT_DOC=3
56,2015012616,3,END_READING,TIMESTAMP=1449746051466	USER=2015012616	JOBID=3	ACTION=END_READING	INFO: CURRENT_DOC=3
57,2015012616,3,RELEVANCE_ANNOTATION,TIMESTAMP=1449746054473	USER=2015012616	JOBID=3	ACTION=RELEVANCE_ANNOTATION	INFO: CURRENT_DOC=3 REL=3
58,2015012616,3,BEGIN_READING,TIMESTAMP=1449746057202	USER=2015012616	JOBID=3	ACTION=BEGIN_READING	INFO: CURRENT_DOC=4
59,2015012616,3,END_READING,TIMESTAMP=1449746188273	USER=2015012616	JOBID=3	ACTION=END_READING	INFO: CURRENT_DOC=4
60,2015012616,3,RELEVANCE_ANNOTATION,TIMESTAMP=1449746190337	USER=2015012616	JOBID=3	ACTION=RELEVANCE_ANNOTATION	INFO: CURRENT_DOC=4 REL=1
61,2015012616,3,TIME_ESTIMATION,TIMESTAMP=1449746219681	USER=2015012616	JOBID=3	DOCID=0	ACTION=TIME_ESTIMATION	INFO:Segments=393_572_808_
62,2015012616,3,RELATIVE_ESTIMATION,TIMESTAMP=1449746293608	USER=2015012616	JOBID=3	DOCID=0	ACTION=RELATIVE_ESTIMATION	INFO:Range=_10_13_5_7_6_8_6_9_30_35 Relative=100_53_57_57_
63,2015012616,3,OUTCOME,"TIMESTAMP=1449746503152	USER=2015012616	JOBID=3	DOCID=0	ACTION=OUTCOME	INFO:answer=Ivy League is thought to have something to do with ""IV"", a number, standing for 4 schools including Yale, Harvard, Princeton and an uncertain one. Besides, people think Ivy League may refer to an athletic meeting. Third, Ivy League is linked to the Ivy day during which people would plant ivy in the school."
64,2015012616,4,BEGIN_READING,TIMESTAMP=1449746934822	USER=2015012616	JOBID=4	ACTION=BEGIN_READING	INFO: CURRENT_DOC=1
65,2015012616,4,END_READING,TIMESTAMP=1449747070466	USER=2015012616	JOBID=4	ACTION=END_READING	INFO: CURRENT_DOC=1
66,2015012616,4,RELEVANCE_ANNOTATION,TIMESTAMP=1449747074650	USER=2015012616	JOBID=4	ACTION=RELEVANCE_ANNOTATION	INFO: CURRENT_DOC=1 REL=3
67,2015012616,4,BEGIN_READING,TIMESTAMP=1449747076203	USER=2015012616	JOBID=4	ACTION=BEGIN_READING	INFO: CURRENT_DOC=2
68,2015012616,4,END_READING,TIMESTAMP=1449747185954	USER=2015012616	JOBID=4	ACTION=END_READING	INFO: CURRENT_DOC=2
69,2015012616,4,RELEVANCE_ANNOTATION,TIMESTAMP=1449747188026	USER=2015012616	JOBID=4	ACTION=RELEVANCE_ANNOTATION	INFO: CURRENT_DOC=2 REL=3
70,2015012616,4,BEGIN_READING,TIMESTAMP=1449747189859	USER=2015012616	JOBID=4	ACTION=BEGIN_READING	INFO: CURRENT_DOC=3
71,2015012616,4,END_READING,TIMESTAMP=1449747256441	USER=2015012616	JOBID=4	ACTION=END_READING	INFO: CURRENT_DOC=3
72,2015012616,4,RELEVANCE_ANNOTATION,TIMESTAMP=1449747258425	USER=2015012616	JOBID=4	ACTION=RELEVANCE_ANNOTATION	INFO: CURRENT_DOC=3 REL=0
73,2015012616,4,BEGIN_READING,TIMESTAMP=1449747259770	USER=2015012616	JOBID=4	ACTION=BEGIN_READING	INFO: CURRENT_DOC=4
74,2015012616,4,END_READING,TIMESTAMP=1449747277361	USER=2015012616	JOBID=4	ACTION=END_READING	INFO: CURRENT_DOC=4
75,2015012616,4,RELEVANCE_ANNOTATION,TIMESTAMP=1449747280713	USER=2015012616	JOBID=4	ACTION=RELEVANCE_ANNOTATION	INFO: CURRENT_DOC=4 REL=0
76,2015012616,4,RELEVANCE_ANNOTATION,TIMESTAMP=1449747282880	USER=2015012616	JOBID=4	ACTION=RELEVANCE_ANNOTATION	INFO: CURRENT_DOC=4 REL=-1
77,2015012616,4,TIME_ESTIMATION,TIMESTAMP=1449747299178	USER=2015012616	JOBID=4	DOCID=0	ACTION=TIME_ESTIMATION	INFO:Segments=625_912_974_
78,2015012616,4,RELATIVE_ESTIMATION,TIMESTAMP=1449747363185	USER=2015012616	JOBID=4	DOCID=0	ACTION=RELATIVE_ESTIMATION	INFO:Range=_9_13_8_12_1_3_1_2_23_25 Relative=100_94_15_12_
79,2015012616,4,OUTCOME,"TIMESTAMP=1449747648702	USER=2015012616	JOBID=4	DOCID=0	ACTION=OUTCOME	INFO:answer=There are two hypotheses mentioned in these articles, to be more specific, the asteroid impact hypothesis and the weather change hypothesis. The former one based on the proof of fossils and the crater, while the latter one has something to do with the sea. In the latter one, greenhouse gases becomes more and more, which causes the acid rain and makes the plants die, therefore the animals die too."
80,2015012616,5,BEGIN_READING,TIMESTAMP=1449748375317	USER=2015012616	JOBID=5	ACTION=BEGIN_READING	INFO: CURRENT_DOC=1
81,2015012616,5,END_READING,TIMESTAMP=1449748653313	USER=2015012616	JOBID=5	ACTION=END_READING	INFO: CURRENT_DOC=1
82,2015012616,5,RELEVANCE_ANNOTATION,TIMESTAMP=1449748655816	USER=2015012616	JOBID=5	ACTION=RELEVANCE_ANNOTATION	INFO: CURRENT_DOC=1 REL=3
83,2015012616,5,BEGIN_READING,TIMESTAMP=1449748658001	USER=2015012616	JOBID=5	ACTION=BEGIN_READING	INFO: CURRENT_DOC=2
84,2015012616,5,END_READING,TIMESTAMP=1449748682223	USER=2015012616	JOBID=5	ACTION=END_READING	INFO: CURRENT_DOC=2
85,2015012616,5,RELEVANCE_ANNOTATION,TIMESTAMP=1449748684350	USER=2015012616	JOBID=5	ACTION=RELEVANCE_ANNOTATION	INFO: CURRENT_DOC=2 REL=0
86,2015012616,5,BEGIN_READING,TIMESTAMP=1449748685504	USER=2015012616	JOBID=5	ACTION=BEGIN_READING	INFO: CURRENT_DOC=3
87,2015012616,5,END_READING,TIMESTAMP=1449748782910	USER=2015012616	JOBID=5	ACTION=END_READING	INFO: CURRENT_DOC=3
88,2015012616,5,RELEVANCE_ANNOTATION,TIMESTAMP=1449748785030	USER=2015012616	JOBID=5	ACTION=RELEVANCE_ANNOTATION	INFO: CURRENT_DOC=3 REL=3
89,2015012616,5,BEGIN_READING,TIMESTAMP=1449748786495	USER=2015012616	JOBID=5	ACTION=BEGIN_READING	INFO: CURRENT_DOC=4
90,2015012616,5,END_READING,TIMESTAMP=1449748816470	USER=2015012616	JOBID=5	ACTION=END_READING	INFO: CURRENT_DOC=4
91,2015012616,5,RELEVANCE_ANNOTATION,TIMESTAMP=1449748818622	USER=2015012616	JOBID=5	ACTION=RELEVANCE_ANNOTATION	INFO: CURRENT_DOC=4 REL=0
92,2015012616,5,TIME_ESTIMATION,TIMESTAMP=1449748847966	USER=2015012616	JOBID=5	DOCID=0	ACTION=TIME_ESTIMATION	INFO:Segments=595_704_813_
93,2015012616,5,RELATIVE_ESTIMATION,TIMESTAMP=1449748921519	USER=2015012616	JOBID=5	DOCID=0	ACTION=RELATIVE_ESTIMATION	INFO:Range=_7_11_2_4_4_6_2_4_18_21 Relative=100_33_54_34_
94,2015012616,5,OUTCOME,"TIMESTAMP=1449749151668	USER=2015012616	JOBID=5	DOCID=0	ACTION=OUTCOME	INFO:answer=The issues of free trade and the threat of North Korea's nuclear weapon were discussed at the 6th trilateral summit, for the former one can help these 3 countries to restore and tighten their bonds in trade, regarded as a crucial way for China to confront America's allies.Moreover, the latter one includes whether China should support North Korea and North Korea's general disarmament."
95,2015012805,1,BEGIN_CALIBRATION,TIMESTAMP=1449750400908	USER=2015012805	JOBID=1	DOCID=0	ACTION=BEGIN_CALIBRATION	INFO:
96,2015012805,1,END_CALIBRATION,TIMESTAMP=1449750516866	USER=2015012805	JOBID=1	DOCID=0	ACTION=END_CALIBRATION	INFO:
97,2015012805,1,BEGIN_CALIBRATION,TIMESTAMP=1449750526298	USER=2015012805	JOBID=1	DOCID=9	ACTION=BEGIN_CALIBRATION	INFO:
98,2015012805,1,END_CALIBRATION,TIMESTAMP=1449751019734	USER=2015012805	JOBID=1	DOCID=9	ACTION=END_CALIBRATION	INFO:
99,2015012805,1,BEGIN_READING,TIMESTAMP=1449751072707	USER=2015012805	JOBID=1	ACTION=BEGIN_READING	INFO: CURRENT_DOC=1
100,2015012805,1,END_READING,TIMESTAMP=1449751377661	USER=2015012805	JOBID=1	ACTION=END_READING	INFO: CURRENT_DOC=1
101,2015012805,1,RELEVANCE_ANNOTATION,TIMESTAMP=1449751412326	USER=2015012805	JOBID=1	ACTION=RELEVANCE_ANNOTATION	INFO: CURRENT_DOC=1 REL=3
102,2015012805,1,BEGIN_READING,TIMESTAMP=1449751415118	USER=2015012805	JOBID=1	ACTION=BEGIN_READING	INFO: CURRENT_DOC=2
103,2015012805,1,END_READING,TIMESTAMP=1449751823034	USER=2015012805	JOBID=1	ACTION=END_READING	INFO: CURRENT_DOC=2
104,2015012805,1,RELEVANCE_ANNOTATION,TIMESTAMP=1449751826945	USER=2015012805	JOBID=1	ACTION=RELEVANCE_ANNOTATION	INFO: CURRENT_DOC=2 REL=1
105,2015012805,1,BEGIN_READING,TIMESTAMP=1449751828458	USER=2015012805	JOBID=1	ACTION=BEGIN_READING	INFO: CURRENT_DOC=3
106,2015012805,1,END_READING,TIMESTAMP=1449752348574	USER=2015012805	JOBID=1	ACTION=END_READING	INFO: CURRENT_DOC=3
107,2015012805,1,BEGIN_READING,TIMESTAMP=1449752353727	USER=2015012805	JOBID=1	ACTION=BEGIN_READING	INFO: CURRENT_DOC=4
108,2015012805,1,END_READING,TIMESTAMP=1449752988681	USER=2015012805	JOBID=1	ACTION=END_READING	INFO: CURRENT_DOC=4
109,2015012805,1,RELEVANCE_ANNOTATION,TIMESTAMP=1449752992721	USER=2015012805	JOBID=1	ACTION=RELEVANCE_ANNOTATION	INFO: CURRENT_DOC=4 REL=0
110,2015012805,1,TIME_ESTIMATION,TIMESTAMP=1449753100688	USER=2015012805	JOBID=1	DOCID=0	ACTION=TIME_ESTIMATION	INFO:Segments=241_565_765_
111,2015012805,1,RELATIVE_ESTIMATION,TIMESTAMP=1449753341871	USER=2015012805	JOBID=1	DOCID=0	ACTION=RELATIVE_ESTIMATION	INFO:Range=_13_16_17_20_10_12_12_15_49_60 Relative=70_97_53_67_
112,2015012805,1,OUTCOME,"TIMESTAMP=1449753905754	USER=2015012805	JOBID=1	DOCID=0	ACTION=OUTCOME	INFO:answer=Some people say it may be a result of empathy,human beings seems likely to be infected by others.It's also a kind of communication and link us to others around us.Maybe it's a indication that we care about others' feelings and actions.Studies also show that students whose major is philosophy yawn more than those students whose major is related to math or statistics."
113,2015012805,2,TIME_ESTIMATION,TIMESTAMP=1449754925708	USER=2015012805	JOBID=2	DOCID=0	ACTION=TIME_ESTIMATION	INFO:Segments=337_579_842_
114,2015012805,2,RELATIVE_ESTIMATION,TIMESTAMP=1449755056131	USER=2015012805	JOBID=2	DOCID=0	ACTION=RELATIVE_ESTIMATION	INFO:Range=_15_18_11_14_14_17_9_12_49_60 Relative=96_70_84_51_
115,2015012805,2,OUTCOME,"TIMESTAMP=1449755338385	USER=2015012805	JOBID=2	DOCID=0	ACTION=OUTCOME	INFO:answer=In the beginning,one film can only last for less than a munite,and many films don't have sounds.Then,the films can last for a long time ,and we can hear sounds.Besides,we could not watch the images and hear the sound at the same time before,but this problem is solved.With the development of films,there are mackets for stars."
116,2015012805,3,BEGIN_READING,TIMESTAMP=1449755392618	USER=2015012805	JOBID=3	ACTION=BEGIN_READING	INFO: CURRENT_DOC=1
117,2015012805,3,END_READING,TIMESTAMP=1449755779597	USER=2015012805	JOBID=3	ACTION=END_READING	INFO: CURRENT_DOC=1
118,2015012805,3,RELEVANCE_ANNOTATION,TIMESTAMP=1449755782133	USER=2015012805	JOBID=3	ACTION=RELEVANCE_ANNOTATION	INFO: CURRENT_DOC=1 REL=3
119,2015012805,3,BEGIN_READING,TIMESTAMP=1449755785254	USER=2015012805	JOBID=3	ACTION=BEGIN_READING	INFO: CURRENT_DOC=2
120,2015012805,3,END_READING,TIMESTAMP=1449755870526	USER=2015012805	JOBID=3	ACTION=END_READING	INFO: CURRENT_DOC=2
121,2015012805,3,RELEVANCE_ANNOTATION,TIMESTAMP=1449755876909	USER=2015012805	JOBID=3	ACTION=RELEVANCE_ANNOTATION	INFO: CURRENT_DOC=2 REL=0
122,2015012805,3,BEGIN_READING,TIMESTAMP=1449755878150	USER=2015012805	JOBID=3	ACTION=BEGIN_READING	INFO: CURRENT_DOC=3
123,2015012805,3,END_READING,TIMESTAMP=1449756222802	USER=2015012805	JOBID=3	ACTION=END_READING	INFO: CURRENT_DOC=3
124,2015012805,3,BEGIN_READING,TIMESTAMP=1449756230442	USER=2015012805	JOBID=3	ACTION=BEGIN_READING	INFO: CURRENT_DOC=4
125,2015012805,3,END_READING,TIMESTAMP=1449756245083	USER=2015012805	JOBID=3	ACTION=END_READING	INFO: CURRENT_DOC=4
126,2015012805,3,RELEVANCE_ANNOTATION,TIMESTAMP=1449756248610	USER=2015012805	JOBID=3	ACTION=RELEVANCE_ANNOTATION	INFO: CURRENT_DOC=4 REL=2
127,2015012805,3,TIME_ESTIMATION,TIMESTAMP=1449756304977	USER=2015012805	JOBID=3	DOCID=0	ACTION=TIME_ESTIMATION	INFO:Segments=387_593_955_
128,2015012805,3,RELATIVE_ESTIMATION,TIMESTAMP=1449756404626	USER=2015012805	JOBID=3	DOCID=0	ACTION=RELATIVE_ESTIMATION	INFO:Range=_14_17_8_10_14_17_1_2_37_46 Relative=91_51_92_7_
129,2015012805,3,OUTCOME,"TIMESTAMP=1449756732967	USER=2015012805	JOBID=3	DOCID=0	ACTION=OUTCOME	INFO:answer=Ivy League is consisted of eight universities,and seven of them were colonial,IV may have a meaning of roman number 4,and it's an athelic conference.Almost all universities rank high and are famous in the world,including Haward University,and many students dream of studying there."
130,2015012805,4,BEGIN_READING,TIMESTAMP=1449756766450	USER=2015012805	JOBID=4	ACTION=BEGIN_READING	INFO: CURRENT_DOC=1
131,2015012805,4,BEGIN_READING,TIMESTAMP=1449758139040	USER=2015012805	JOBID=4	ACTION=BEGIN_READING	INFO: CURRENT_DOC=1
132,2015012805,4,END_READING,TIMESTAMP=1449758320332	USER=2015012805	JOBID=4	ACTION=END_READING	INFO: CURRENT_DOC=1
133,2015012805,4,RELEVANCE_ANNOTATION,TIMESTAMP=1449758323507	USER=2015012805	JOBID=4	ACTION=RELEVANCE_ANNOTATION	INFO: CURRENT_DOC=1 REL=3
134,2015012805,4,BEGIN_READING,TIMESTAMP=1449758324980	USER=2015012805	JOBID=4	ACTION=BEGIN_READING	INFO: CURRENT_DOC=2
135,2015012805,4,END_READING,TIMESTAMP=1449758472315	USER=2015012805	JOBID=4	ACTION=END_READING	INFO: CURRENT_DOC=2
136,2015012805,4,RELEVANCE_ANNOTATION,TIMESTAMP=1449758482507	USER=2015012805	JOBID=4	ACTION=RELEVANCE_ANNOTATION	INFO: CURRENT_DOC=2 REL=0
137,2015012805,4,BEGIN_READING,TIMESTAMP=1449758483868	USER=2015012805	JOBID=4	ACTION=BEGIN_READING	INFO: CURRENT_DOC=3
138,2015012805,4,END_READING,TIMESTAMP=1449758622929	USER=2015012805	JOBID=4	ACTION=END_READING	INFO: CURRENT_DOC=3
139,2015012805,4,RELEVANCE_ANNOTATION,TIMESTAMP=1449758628056	USER=2015012805	JOBID=4	ACTION=RELEVANCE_ANNOTATION	INFO: CURRENT_DOC=3 REL=3
140,2015012805,4,BEGIN_READING,TIMESTAMP=1449758629761	USER=2015012805	JOBID=4	ACTION=BEGIN_READING	INFO: CURRENT_DOC=4
141,2015012805,4,END_READING,TIMESTAMP=1449758735601	USER=2015012805	JOBID=4	ACTION=END_READING	INFO: CURRENT_DOC=4
142,2015012805,4,RELEVANCE_ANNOTATION,TIMESTAMP=1449758738625	USER=2015012805	JOBID=4	ACTION=RELEVANCE_ANNOTATION	INFO: CURRENT_DOC=4 REL=0
143,2015012805,4,TIME_ESTIMATION,TIMESTAMP=1449758788417	USER=2015012805	JOBID=4	DOCID=0	ACTION=TIME_ESTIMATION	INFO:Segments=334_506_836_
144,2015012805,4,RELATIVE_ESTIMATION,TIMESTAMP=1449758879825	USER=2015012805	JOBID=4	DOCID=0	ACTION=RELATIVE_ESTIMATION	INFO:Range=_15_18_8_11_13_16_8_10_44_55 Relative=94_48_93_49_
145,2015012805,4,OUTCOME,"TIMESTAMP=1449759227421	USER=2015012805	JOBID=4	DOCID=0	ACTION=OUTCOME	INFO:answer=One hypothesis may be that an asteroid or comet hit the earth,and the dense  dust block the sunshine,so the temperature became low.It's cold for the plants and animals to survive,and dinosaurs can't find food.Then,the greenhouse gas made the climate become hot,so the extreme climate may cause the extinction to some extend."
146,2015012805,5,BEGIN_READING,TIMESTAMP=1449759269775	USER=2015012805	JOBID=5	ACTION=BEGIN_READING	INFO: CURRENT_DOC=1
147,2015012805,5,END_READING,TIMESTAMP=1449759668922	USER=2015012805	JOBID=5	ACTION=END_READING	INFO: CURRENT_DOC=1
148,2015012805,5,BEGIN_READING,TIMESTAMP=1449759671818	USER=2015012805	JOBID=5	ACTION=BEGIN_READING	INFO: CURRENT_DOC=2
149,2015012805,5,END_READING,TIMESTAMP=1449759863392	USER=2015012805	JOBID=5	ACTION=END_READING	INFO: CURRENT_DOC=2
150,2015012805,5,RELEVANCE_ANNOTATION,TIMESTAMP=1449759868968	USER=2015012805	JOBID=5	ACTION=RELEVANCE_ANNOTATION	INFO: CURRENT_DOC=2 REL=3
151,2015012805,5,BEGIN_READING,TIMESTAMP=1449759870609	USER=2015012805	JOBID=5	ACTION=BEGIN_READING	INFO: CURRENT_DOC=3
152,2015012805,5,END_READING,TIMESTAMP=1449759986487	USER=2015012805	JOBID=5	ACTION=END_READING	INFO: CURRENT_DOC=3
153,2015012805,5,RELEVANCE_ANNOTATION,TIMESTAMP=1449759991527	USER=2015012805	JOBID=5	ACTION=RELEVANCE_ANNOTATION	INFO: CURRENT_DOC=3 REL=0
154,2015012805,5,BEGIN_READING,TIMESTAMP=1449759992816	USER=2015012805	JOBID=5	ACTION=BEGIN_READING	INFO: CURRENT_DOC=4
155,2015012805,5,END_READING,TIMESTAMP=1449760258518	USER=2015012805	JOBID=5	ACTION=END_READING	INFO: CURRENT_DOC=4
156,2015012805,5,RELEVANCE_ANNOTATION,TIMESTAMP=1449760264517	USER=2015012805	JOBID=5	ACTION=RELEVANCE_ANNOTATION	INFO: CURRENT_DOC=4 REL=2
157,2015012805,5,TIME_ESTIMATION,TIMESTAMP=1449760303789	USER=2015012805	JOBID=5	DOCID=0	ACTION=TIME_ESTIMATION	INFO:Segments=291_573_714_
158,2015012805,5,RELATIVE_ESTIMATION,TIMESTAMP=1449760393804	USER=2015012805	JOBID=5	DOCID=0	ACTION=RELATIVE_ESTIMATION	INFO:Range=_13_15_13_15_7_10_12_14_45_54 Relative=89_89_45_82_
159,2015012805,5,OUTCOME,"TIMESTAMP=1449760657995	USER=2015012805	JOBID=5	DOCID=0	ACTION=OUTCOME	INFO:answer=They discussed the economy cooperation between the three countries and North Korea' nuclear issue.They came to an agreement that they can establish a trilateral free trade and have more cooperation in commerce,and they all affirm ""firm position"" on the nuclear issue."
